{
  "config": {
    "n": 1000,
    "runs": 5,
    "warmup": 1
  },
  "runner": "hyperfine",
  "results": {
    "glmboost_gaussian_bols": {
      "python": {
        "command": "python",
        "mean": 2.11756766586,
        "stddev": 0.01249671471879483,
        "median": 2.12173431586,
        "user": 1.81534676,
        "system": 0.29204826,
        "min": 2.09740723286,
        "max": 2.13097781586,
        "times": [
          2.12183419086,
          2.09740723286,
          2.11588477386,
          2.13097781586,
          2.12173431586
        ],
        "memory_usage_byte": [
          273858560,
          273989632,
          273989632,
          273989632,
          273989632
        ],
        "exit_codes": [
          0,
          0,
          0,
          0,
          0
        ]
      },
      "r": {
        "command": "r",
        "mean": 0.8692874408600002,
        "stddev": 0.014726019945981498,
        "median": 0.8672042328600001,
        "user": 0.7708179599999999,
        "system": 0.07232706,
        "min": 0.8494868158600001,
        "max": 0.8893851908600001,
        "times": [
          0.8672042328600001,
          0.8644575658600001,
          0.8759033988600001,
          0.8893851908600001,
          0.8494868158600001
        ],
        "memory_usage_byte": [
          273989632,
          273989632,
          273989632,
          273989632,
          273989632
        ],
        "exit_codes": [
          0,
          0,
          0,
          0,
          0
        ]
      }
    },
    "gamboost_gaussian_bbs_bols": {
      "python": {
        "command": "python",
        "mean": 2.25742745174,
        "stddev": 0.010241806591801152,
        "median": 2.25881228514,
        "user": 1.9531270599999995,
        "system": 0.2969767,
        "min": 2.24136624314,
        "max": 2.26780357614,
        "times": [
          2.26780357614,
          2.25881228514,
          2.24136624314,
          2.2549522021399997,
          2.26420295214
        ],
        "memory_usage_byte": [
          274677760,
          274677760,
          274677760,
          274743296,
          274743296
        ],
        "exit_codes": [
          0,
          0,
          0,
          0,
          0
        ]
      },
      "r": {
        "command": "r",
        "mean": 1.2421194685399999,
        "stddev": 0.27211718323480927,
        "median": 1.31502816014,
        "user": 0.9216290600000001,
        "system": 0.0842807,
        "min": 0.89995103514,
        "max": 1.52737453514,
        "times": [
          0.89995103514,
          1.01929891014,
          1.4489447021400002,
          1.52737453514,
          1.31502816014
        ],
        "memory_usage_byte": [
          274743296,
          274743296,
          274743296,
          274743296,
          274743296
        ],
        "exit_codes": [
          0,
          0,
          0,
          0,
          0
        ]
      }
    },
    "cvrisk_gaussian_bols": {
      "python": {
        "command": "python",
        "mean": 2.19938074502,
        "stddev": 0.10589271333914921,
        "median": 2.16341679502,
        "user": 1.89334956,
        "system": 0.29756284,
        "min": 2.1231805870200002,
        "max": 2.3837941700200003,
        "times": [
          2.3837941700200003,
          2.1231805870200002,
          2.13943483602,
          2.16341679502,
          2.18707733702
        ],
        "memory_usage_byte": [
          274546688,
          274546688,
          274546688,
          274546688,
          274546688
        ],
        "exit_codes": [
          0,
          0,
          0,
          0,
          0
        ]
      },
      "r": {
        "command": "r",
        "mean": 1.02742478682,
        "stddev": 0.03004785598955413,
        "median": 1.01794950302,
        "user": 0.90836036,
        "system": 0.14546863999999998,
        "min": 0.98773637902,
        "max": 1.0581020030200001,
        "times": [
          0.98773637902,
          1.01624037902,
          1.05709567002,
          1.0581020030200001,
          1.01794950302
        ],
        "memory_usage_byte": [
          274546688,
          274546688,
          274546688,
          274546688,
          274546688
        ],
        "exit_codes": [
          0,
          0,
          0,
          0,
          0
        ]
      }
    },
    "cvrisk_gaussian_btree": {
      "python": {
        "command": "python",
        "mean": 2.90001436422,
        "stddev": 0.4408428560786947,
        "median": 2.84206663082,
        "user": 2.3027159,
        "system": 0.32274214,
        "min": 2.5418826728200004,
        "max": 3.64339879682,
        "times": [
          2.5418826728200004,
          2.84206663082,
          3.64339879682,
          2.8770187978200004,
          2.59570492282
        ],
        "memory_usage_byte": [
          278773760,
          278806528,
          279019520,
          279019520,
          279019520
        ],
        "exit_codes": [
          0,
          0,
          0,
          0,
          0
        ]
      },
      "r": {
        "command": "r",
        "mean": 1.2237091558199997,
        "stddev": 0.033451548533726866,
        "median": 1.2146889638199998,
        "user": 1.0802287,
        "system": 0.28242394,
        "min": 1.19933204682,
        "max": 1.2812086728199998,
        "times": [
          1.2812086728199998,
          1.19933204682,
          1.2015643808199998,
          1.22175171482,
          1.2146889638199998
        ],
        "memory_usage_byte": [
          279019520,
          279019520,
          279019520,
          279019520,
          279019520
        ],
        "exit_codes": [
          0,
          0,
          0,
          0,
          0
        ]
      }
    }
  }
}