{
  "config": {
    "n": 500,
    "runs": 3
  },
  "cases": [
    "glmboost_gaussian_bols",
    "glmboost_binomial_bols",
    "glmboost_poisson_bols",
    "gamboost_gaussian_bbs_bols",
    "gamboost_gaussian_bmono",
    "gamboost_gaussian_btree",
    "cvrisk_gaussian_bols",
    "cvrisk_gaussian_bmono",
    "cvrisk_gaussian_btree"
  ],
  "python": {
    "glmboost_gaussian_bols": {
      "runs": 3,
      "mean_s": 0.0017216943282013137,
      "median_s": 0.0014093749923631549,
      "min_s": 0.0013513750163838267,
      "max_s": 0.00240433297585696,
      "stdev_s": 0.0004832788303234808,
      "raw_s": [
        0.00240433297585696,
        0.0014093749923631549,
        0.0013513750163838267
      ]
    },
    "glmboost_binomial_bols": {
      "runs": 3,
      "mean_s": 0.0024201666237786412,
      "median_s": 0.0024111249949783087,
      "min_s": 0.0023947919253259897,
      "max_s": 0.0024545829510316253,
      "stdev_s": 2.5232980762687615e-05,
      "raw_s": [
        0.0024545829510316253,
        0.0023947919253259897,
        0.0024111249949783087
      ]
    },
    "glmboost_poisson_bols": {
      "runs": 3,
      "mean_s": 0.0019065139737601082,
      "median_s": 0.0018871669890359044,
      "min_s": 0.0018864579033106565,
      "max_s": 0.0019459170289337635,
      "stdev_s": 2.7863671311165888e-05,
      "raw_s": [
        0.0019459170289337635,
        0.0018871669890359044,
        0.0018864579033106565
      ]
    },
    "gamboost_gaussian_bbs_bols": {
      "runs": 3,
      "mean_s": 0.006935666742113729,
      "median_s": 0.006731084082275629,
      "min_s": 0.006634875084273517,
      "max_s": 0.007441041059792042,
      "stdev_s": 0.0003595056267995051,
      "raw_s": [
        0.007441041059792042,
        0.006731084082275629,
        0.006634875084273517
      ]
    },
    "gamboost_gaussian_bmono": {
      "runs": 3,
      "mean_s": 0.06757201366902639,
      "median_s": 0.06747675000224262,
      "min_s": 0.06724895793013275,
      "max_s": 0.06799033307470381,
      "stdev_s": 0.00031007058433391054,
      "raw_s": [
        0.06799033307470381,
        0.06724895793013275,
        0.06747675000224262
      ]
    },
    "gamboost_gaussian_btree": {
      "runs": 3,
      "mean_s": 0.043394930621919535,
      "median_s": 0.043348041945137084,
      "min_s": 0.042859749984927475,
      "max_s": 0.04397699993569404,
      "stdev_s": 0.000457318834169903,
      "raw_s": [
        0.04397699993569404,
        0.042859749984927475,
        0.043348041945137084
      ]
    },
    "cvrisk_gaussian_bols": {
      "runs": 3,
      "mean_s": 0.004184541719344755,
      "median_s": 0.004097416065633297,
      "min_s": 0.004053167067468166,
      "max_s": 0.004403042024932802,
      "stdev_s": 0.0001555555230267889,
      "raw_s": [
        0.004403042024932802,
        0.004097416065633297,
        0.004053167067468166
      ]
    },
    "cvrisk_gaussian_bmono": {
      "runs": 3,
      "mean_s": 0.07283319431977968,
      "median_s": 0.07273595791775733,
      "min_s": 0.0725067500025034,
      "max_s": 0.0732568750390783,
      "stdev_s": 0.0003138609894340823,
      "raw_s": [
        0.0732568750390783,
        0.0725067500025034,
        0.07273595791775733
      ]
    },
    "cvrisk_gaussian_btree": {
      "runs": 3,
      "mean_s": 0.1107020969890679,
      "median_s": 0.11019858298823237,
      "min_s": 0.10988233296666294,
      "max_s": 0.11202537501230836,
      "stdev_s": 0.0009445641196266366,
      "raw_s": [
        0.11019858298823237,
        0.11202537501230836,
        0.10988233296666294
      ]
    }
  },
  "r": {
    "glmboost_gaussian_bols": {
      "runs": 3,
      "mean_s": 0.007191749949318667,
      "median_s": 0.006750499946065247,
      "min_s": 0.00655749998986721,
      "max_s": 0.008267249912023544,
      "stdev_s": 0.0007645640906672486,
      "raw_s": [
        0.008267249912023544,
        0.006750499946065247,
        0.00655749998986721
      ]
    },
    "glmboost_binomial_bols": {
      "runs": 3,
      "mean_s": 0.014220069317768017,
      "median_s": 0.012607041979208589,
      "min_s": 0.011620000004768372,
      "max_s": 0.018433165969327092,
      "stdev_s": 0.0030062380157887727,
      "raw_s": [
        0.012607041979208589,
        0.011620000004768372,
        0.018433165969327092
      ]
    },
    "glmboost_poisson_bols": {
      "runs": 3,
      "mean_s": 0.008789069329698881,
      "median_s": 0.00864329095929861,
      "min_s": 0.008590999990701675,
      "max_s": 0.009132917039096355,
      "stdev_s": 0.0002440724233946681,
      "raw_s": [
        0.009132917039096355,
        0.008590999990701675,
        0.00864329095929861
      ]
    },
    "gamboost_gaussian_bbs_bols": {
      "runs": 3,
      "mean_s": 0.020009749957049888,
      "median_s": 0.01814804202876985,
      "min_s": 0.018003415898419917,
      "max_s": 0.023877791943959892,
      "stdev_s": 0.002735755933164729,
      "raw_s": [
        0.018003415898419917,
        0.023877791943959892,
        0.01814804202876985
      ]
    },
    "gamboost_gaussian_bmono": {
      "runs": 3,
      "mean_s": 0.03658013903380682,
      "median_s": 0.03775641706306487,
      "min_s": 0.03238062502350658,
      "max_s": 0.03960337501484901,
      "stdev_s": 0.0030637397475357527,
      "raw_s": [
        0.03775641706306487,
        0.03238062502350658,
        0.03960337501484901
      ]
    },
    "gamboost_gaussian_btree": {
      "runs": 3,
      "mean_s": 0.09220154137195398,
      "median_s": 0.09270058304537088,
      "min_s": 0.09098879108205438,
      "max_s": 0.0929152499884367,
      "stdev_s": 0.0008620104111320205,
      "raw_s": [
        0.09098879108205438,
        0.0929152499884367,
        0.09270058304537088
      ]
    },
    "cvrisk_gaussian_bols": {
      "runs": 3,
      "mean_s": 0.17841534735634923,
      "median_s": 0.11574495804961771,
      "min_s": 0.09697354200761765,
      "max_s": 0.32252754201181233,
      "stdev_s": 0.10219045944172424,
      "raw_s": [
        0.11574495804961771,
        0.09697354200761765,
        0.32252754201181233
      ]
    },
    "cvrisk_gaussian_bmono": {
      "runs": 3,
      "mean_s": 0.14119590263968954,
      "median_s": 0.1208915829192847,
      "min_s": 0.11646204197313637,
      "max_s": 0.18623408302664757,
      "stdev_s": 0.03189810315859475,
      "raw_s": [
        0.18623408302664757,
        0.1208915829192847,
        0.11646204197313637
      ]
    },
    "cvrisk_gaussian_btree": {
      "runs": 3,
      "mean_s": 0.2983364023190613,
      "median_s": 0.30486808298155665,
      "min_s": 0.2695706660160795,
      "max_s": 0.32057045795954764,
      "stdev_s": 0.021326694286376905,
      "raw_s": [
        0.32057045795954764,
        0.2695706660160795,
        0.30486808298155665
      ]
    }
  }
}