{
  "fitted": [
    40.132776590644696,
    45.59103592161212,
    33.57584839857771,
    26.805446865839556,
    32.65415493683375,
    22.410062933791217,
    30.977796263403093,
    30.78819902804606,
    25.605285735356944,
    21.201057838026127,
    24.888280071561837,
    25.656645329547967,
    24.835543201398266,
    19.834005855624394,
    31.85860508618958,
    39.041719875979666,
    28.09196492987111,
    40.89944732807399,
    37.50681128772286,
    22.116998336896653,
    33.09328473051752,
    23.13784010654102,
    27.03745271194208,
    26.62709269284515,
    20.102376661179463,
    34.72590037663196,
    34.049679869034776,
    22.007701638322228,
    47.68182998976587,
    27.952042809233568,
    44.65247555148134,
    46.66947938111175,
    29.24163975661017,
    39.42133168314336,
    21.990164970585326,
    28.27384817429896,
    29.156664205788108,
    40.240165028007745,
    27.720746862683036,
    35.5376207153292,
    55.86782865063397,
    40.77727081161163,
    39.595072630843944,
    33.909163255342925,
    47.89279985108949,
    48.14101545449797,
    47.27304574907179,
    58.822603897266006,
    34.61892094585548,
    26.982195238516614,
    23.29898493610337,
    40.79646565409371,
    36.466434510961605,
    40.93336192563683,
    18.3225276254067,
    32.61709109152919,
    19.692230718540337,
    41.903994189356666,
    34.90671597535042,
    29.262414642196763,
    17.439750835329033,
    18.561831288989772,
    15.545407668659319,
    18.579054075627617,
    17.196692954547963,
    11.141730090836159,
    11.141730090836159,
    16.2168683483313,
    23.430265337779318,
    23.507825068904854,
    16.947682756202525
  ],
  "partial_curves": {
    "hipcirc": {
      "effect": [
        -9.054347188372248,
        -8.854432876509872,
        -8.654437963983408,
        -8.45430019442326,
        -8.253957311459814,
        -8.053347058723473,
        -7.852406773579318,
        -7.6510494174742725,
        -7.4491501691820305,
        -7.246580957353872,
        -7.0432137106410755,
        -6.838920357694926,
        -6.633578136193707,
        -6.427126001254722,
        -6.2195427256978455,
        -6.010807745971332,
        -5.800900498523427,
        -5.589800419802405,
        -5.377513806652412,
        -5.164154397501205,
        -4.94986279117245,
        -4.734779586489801,
        -4.519045382276924,
        -4.302801467968068,
        -4.086230569632961,
        -3.869579640126321,
        -3.6531011571875953,
        -3.437047598556226,
        -3.221671441971674,
        -3.0072218402965643,
        -2.793909294700539,
        -2.5819193697771157,
        -2.371437214510213,
        -2.162647977883748,
        -1.9557368088816387,
        -1.750837976505627,
        -1.547882229828757,
        -1.3467494379418974,
        -1.1473194699359095,
        -0.9494721949016777,
        -0.753087816280324,
        -0.5580665985286218,
        -0.36433990067759386,
        -0.17184175656034864,
        0.019493799990005865,
        0.20973273514036125,
        0.3989422792174455,
        0.5872043584060929,
        0.7746103800898806,
        0.9612519096724169,
        1.1472205125572594,
        1.3326077541479944,
        1.5174853137103967,
        1.7018453259590218,
        1.8856600394706218,
        2.068901702821947,
        2.251542564589751,
        2.433553795799461,
        2.614841914397172,
        2.795213226055971,
        2.974465416038415,
        3.152396169607013,
        3.3288031720242994,
        3.503491256692925,
        3.6763483541444515,
        3.84731600596135,
        4.016336647243602,
        4.183352713091195,
        4.348306638604115,
        4.511147912545129,
        4.671854238328071,
        4.8304103730296,
        4.986801073726325,
        5.141011097494885,
        5.2930254791237275,
        5.442845916110379,
        5.5904999331514365,
        5.7360172766380355,
        5.879427692961319,
        6.020760928512424,
        6.160047670578667,
        6.297329544365312,
        6.432655231798941,
        6.566073532418113,
        6.697633245761418,
        6.827383171367427,
        6.955373657803847,
        7.0816612497548554,
        7.2063040409337535,
        7.329360125053852,
        7.45088759582844,
        7.5709439146203925,
        7.689548601766241,
        7.806662369011747,
        7.922240869299137,
        8.036239755570653,
        8.148614680768528,
        8.259321405655644,
        8.368316944409862,
        8.47555911986387,
        8.581005768327934,
        8.684614726112311,
        8.786343829527285,
        8.886180649063697,
        8.984231691934784,
        9.080633199534345,
        9.175521413256199,
        9.269032574494153,
        9.361302777421129,
        9.45245928295634,
        9.542615660475773,
        9.631884301588236,
        9.72037759790254,
        9.808207941027524,
        9.895485915685036,
        9.982301101536173,
        10.068729526589884,
        10.154846992994258,
        10.240729302897394,
        10.326452258447391
      ],