{
  "predictions": {
    "tau_0.1": [
      33.60799293459576,
      36.295203982538006,
      31.109502373481245,
      25.348232851964045,
      27.806598130354562,
      24.142566342711905,
      28.651970253362396,
      29.268496606818506,
      25.218450551814804,
      22.640542583523967,
      25.506234508045026,
      24.53274640143129,
      24.57203852588362,
      21.44678200106408,
      30.323068437151903,
      32.23491831728539,
      26.88954873560431,
      34.60196026170733,
      33.09993650251939,
      22.442415644718988,
      30.741467851803034,
      24.133159890734657,
      26.51127460367718,
      26.302908054623288,
      23.892408194390676,
      28.254050059209103,
      31.425290711791096,
      24.02302365281158,
      38.74166333413627,
      27.417251229906846,
      37.8758119906306,
      39.02004083838924,
      26.770839203975658,
      33.79671342142349,
      24.77978689051796,
      28.141199372618907,
      28.202018849692852,
      35.297904022339765,
      25.864862577745992,
      31.398119487983134,
      40.67315927649592,
      34.99988045586063,
      32.23491831728539,
      30.551914206703632,
      42.85148073409013,
      40.234280641346956,
      41.21967467475295,
      40.33501042729279,
      31.218805453132653,
      27.252987518219957,
      25.135485537699694,
      32.583306776737444,
      34.08178292898659,
      37.258452478902825,
      21.902807223624198,
      30.504263762397837,
      22.65935548747846,
      37.7263836282552,
      31.368233815508056,
      27.674101381538204,
      21.256395197693013,
      21.923286444122034,
      19.545171731179508,
      22.22131001060117,
      21.55358560590048,
      18.50879462038105,
      18.50879462038105,
      21.058483232740148,
      25.36621259764687,
      26.23123078288087,
      19.95145024518627
    ],
    "tau_0.25": [
      34.97645502696324,
      37.99413040211214,
      32.14536991226553,
      25.76273805896714,
      28.52775104512568,
      24.31548302113331,
      29.436913526155813,
      30.093413618195584,
      25.59042109125146,
      22.68374831952424,
      25.85735677297735,
      24.888990524329174,
      24.89850605281952,
      21.380263663935054,
      31.250480723970913,
      33.460480693021026,
      27.40398828906656,
      36.0061356399054,
      34.37440093829633,
      22.523057476974863,
      31.746289973461305,
      24.341382439035137,
      26.974251168115337,
      26.782903143418963,
      23.944949667800127,
      29.00241864095942,
      32.45290042396395,
      24.17382323556463,
      40.61537300602604,
      28.010800141978635,
      39.644896160701904,
      40.908208105653756,
      27.318885103546698,
      35.163045287414434,
      24.91500439378907,
      28.783482721020455,
      28.792576130175608,
      36.73822338897469,
      26.282336129683397,
      32.46886219404024,
      42.83013073932132,
      36.4406305251018,
      33.460480693021026,
      31.503143112961283,
      45.189195425754505,
      42.273007125536935,
      43.38514375642975,
      42.466465746909265,
      32.25637251568722,
      27.756871394982692,
      25.406900117704666,
      33.85480286758008,
      35.37860425267186,
      38.93183946861332,
      21.772475241818146,
      31.457790518743575,
      22.63194948372059,
      39.467821428741054,
      32.43344724764807,
      28.30405736094154,
      21.08056020338621,
      21.83378960611214,
      19.20092087703194,
      22.131382469985027,
      21.321596467210274,
      17.817205251726133,
      17.817205251726133,
      20.801576277158826,
      25.65438262311467,
      26.56830286838998,
      19.671252827955698
    ],
    "tau_0.5": [
      34.97645502696323,
      37.994130402112134,
      32.14536991226553,
      25.76273805896715,
      28.527751045125683,
      24.315483021133318,
      29.436913526155816,
      30.093413618195584,
      25.590421091251468,
      22.683748319524252,
      25.857356772977354,
      24.888990524329184,
      24.89850605281953,
      21.380263663935068,
      31.250480723970913,
      33.46048069302102,
      27.40398828906656,
      36.006135639905395,
      34.374400938296326,
      22.523057476974877,
      31.746289973461305,
      24.341382439035144,
      26.97425116811534,
      26.78290314341897,
      23.94494966780013,
      29.002418640959423,
      32.45290042396395,
      24.173823235564633,
      40.61537300602602,
      28.01080014197864,
      39.64489616070189,
      40.908208105653735,
      27.318885103546705,
      35.163045287414434,
      24.91500439378907,
      28.783482721020455,
      28.792576130175608,
      36.738223388974674,
      26.282336129683404,
      32.468862194040234,
      42.830130739321305,
      36.440630525101795,
      33.46048069302102,
      31.50314311296128,
      45.189195425754484,
      42.27300712553692,
      43.385143756429734,
      42.46646574690925,
      32.25637251568721,
      27.756871394982692,
      25.40690011770467,
      33.85480286758008,
      35.378604252671856,
      38.931839468613305,
      21.772475241818157,
      31.457790518743575,
      22.6319494837206,
      39.46782142874104,
      32.43344724764807,
      28.304057360941542,
      21.08056020338622,
      21.833789606112152,
      19.200920877031955,
      22.131382469985034,
      21.32159646721028,
      17.81720525172614,
      17.81720525172614,
      20.801576277158834,
      25.654382623114675,
      26.56830286838998,
      19.671252827955712
    ],
    "tau_0.75": [
      35.1401133190575,
      38.08236095422317,
      32.34463898267636,
      26.24243530776072,
      28.944337674707153,
      24.701888641825583,
      29.77504486285451,
      30.36540678278263,
      26.037557592441363,
      23.1872475643154,
      26.219798444125775,
      25.44883003490824,
      25.410093757218355,
      21.96778744676927,
      31.45582737799417,
      33.69804170974207,
      27.71834010758102,
      36.02402183655468,
      34.50938075904449,
      23.116312458515633,
      31.97525419212253,
      24.777726834810352,
      27.29248526288737,
      27.165080102947783,
      24.21629501820211,
      29.3685581570058,
      32.5791493882526,
      24.553480980646054,
      40.4631767727806,
      28.329704528749087,
      39.51952947635359,
      40.72125581744977,
      27.702240693526083,
      35.28688661784203,
      25.125406537187224,
      29.027171694313868,
      28.95389963918209,
      36.66921944822762,
      26.665021427664367,
      32.659188081485354,
      42.686022965683556,
      36.43050854240339,
      33.69804170974207,
      31.69617264621341,
      44.865229793711634,
      42.05365604327555,
      43.145711000882095,
      42.35374009042461,
      32.43657658971606,
      27.985751928204163,
      25.73327304504431,
      34.08679463914084,
      35.3519868609988,
      38.79685930930088,
      22.183861488958563,
      31.663271231166515,
      23.035571178345865,
      39.33401989987918,
      32.62208616619048,
      28.62231935086016,
      21.55639765373556,
      22.29680159723821,
      19.78204316916119,
      22.53551250306245,
      21.66280031243521,
      18.127853808009398,
      18.127853808009398,
      21.205678415089665,
      25.958450674666594,
      26.769789723969012,
      20.260167567746677
    ],